Title,Company,Location
Python Developer-N,Infosys,"Hybrid - Hyderabad, Chennai, Bengaluru"
Python Developer,Magellanic Cloud,Bengaluru
Python Developer,Infosys,"Pune, Chennai, Bengaluru"
Walkin Drive on 24th OCT - Python Developer,Mirafra,Hybrid - Bengaluru
Python Developer,Infosys,Bengaluru
Python developer,Infosys,Bengaluru
Hiring For Python Developer,Xoriant,Bengaluru
Physical Drive on 25th Oct For Python Developer Role,HCLTech,"Hybrid - Hyderabad, Chennai, Bengaluru"
Python Developer,Infosys,Bengaluru
Python Developer,47billion,"Indore, Bengaluru"
Python Developer,Iqvia Biotech,Bengaluru
Python Developer,Infosys,Bengaluru
Python Software Developer,Infogain,"Hybrid - Pune, Bengaluru, Delhi / NCR"
Python Developer,Grid Dynamics,"Hybrid - Hyderabad, Bengaluru"
Python Developer,Iqvia Biotech,Bengaluru
Python Developer,Aziro,Bengaluru
"Python Developer,",Tekskills,"Hyderabad, Chennai, Bengaluru"
Python Developer,Hexaware Technologies,"Hybrid - Chennai, Bengaluru, Mumbai (All Areas)"
Python Developer,Photon,"Pune, Chennai, Bengaluru"
Python Developer,NTT DATA Business Solutions,Remote
